nombre,nivel,activo,nivel_norm
Zizo,80,True,0.6666666666666666
Bit,90,True,0.8888888888888888
Lira,50,False,0.0
Codarion,95,True,1.0
Exelia,60,False,0.2222222222222222
